date,size,topics
2024_06_29,0,"biden,trump,debate,vote,candidate,election,voters,voting,democrats,media"
2024_06_29,1,"biden,debate,trump,vote,debates,candidate,election,trump biden,joe biden,democrats"
2024_06_29,2,"night,think,fucked,world,gaslighting,happen,bad,america,democracy,headline"
2024_06_29,3,"congress,supreme court,law,courts,convicted,justices,felon,scotus,ruling,convicted felon"
2024_06_29,4,"vote,voting,election,candidate,people vote,voters,elections,undecided,ballot,candidates"
2024_06_29,5,"israel,gaza,palestinians,hamas,palestinian,palestine,israeli,civilians,zionist,terrorists"
2024_06_29,6,"nyt,editorial board,york times,nyt editorial,ny times,wsj,nytimes,biden,trump drop,newspaper"
2024_06_29,7,"haley,woman,michelle obama,michelle,warren,unpopular,hope,candidate,aoc,100"
2024_06_29,8,"bernie,hillary,voters,primaries,bernie bros,turnout,democrats,older biden,voted,younger voters"
2024_06_29,9,"smell,weed,smoke,smells,legalization,smells like,smelling,marijuana,stink,teflon"
2024_06_29,10,"cnn,msnbc,lies,time cnn,debate,fact checking,fact check,town hall,trump,right wing"
2024_06_29,11,"homeless,housing,homelessness,money,prison,communities,prisoners,alabama,funding,denver"
2024_06_29,12,"whitmer,whitmer newsom,newsom whitmer,gretchen,michigan,gretchen whitmer,swing,pritzker,swing states,swing state"
2024_06_29,13,"teleprompter,reading,reading teleprompter,speech,teleprompters,read teleprompter,rehearsed,speaking,teleprompter read,script"
2024_06_29,14,"trump,lies,trump lying,lied,trump lies,lies trump,beat trump,nikki haley,years trump,trump lie"
2024_06_29,15,"democrats,dems,republicans,democratic,democratic party,democrat,centrist,people democratic,candidates,left wing"
2024_06_29,16,"lies,lie,liar,lying,truth,flat lies,lied,telling truth,tell truth,chess"
2024_06_29,17,"black jobs,hispanic,black people,immigrants,illegal immigrants,people color,hispanics,minorities,racism,unemployment"
2024_06_29,18,"abortion,abortions,babies,birth abortion,pregnancy,birth abortions,quote,context,virginia,said"
2024_06_29,19,"putin,russia,ukraine,nato,invade,trump putin,trump,putin xi,foreign,war ukraine"
2024_06_29,20,"dementia,age,81 year,cognitive decline,older,grandpa,demented,old man,81 years,geriatric"
2024_06_29,21,"joe,step,step aside,joe step,retire,win,fight,versus,man,want"
2024_06_29,22,"newsom,gavin,california,gavin newsom,governor,politician,swing,think gavin,need time,like newsom"
2024_06_29,23,"harris,kamala harris,biden harris,voted biden,voters,voted,biden,president harris,white woman,dems"
2024_06_29,24,"kamala,dies,biden,dems,newsom buttigieg,buttigieg,replace biden,black voters,sanders,race"
2024_06_29,25,"bible,teach,teachers,teaching,oklahoma,teacher,taught,religion,teaching bible,commandments"
2024_06_29,26,"rfk,rfk jr,jr,vaccines,kennedy,jfk,vote,trump rfk,candidate think,democrat"
2024_06_29,27,"medicare,beat medicare,healthcare,able help,sure able,biden let,beating medicare,things need,health care,medicaid"
2024_06_29,28,"republicans,gop,republican,party,republican party,dogs,family members,voter,religion,involved"
2024_06_29,29,"fascism,fascist,fascists,theocracy,vote,propaganda,twitter,democracy,dictator,voting"
2024_06_29,30,"red states,states,state,california,blue states,red state,failed state,florida,texas,tax dollars"
2024_06_29,31,"polls,polling,poll,data,poll numbers,vivek,margin error,polled,population,independents"
2024_06_29,32,"maga,liberals,cultists,liberal,delusion,fellow liberal,rational people,conspiracy nonsense,dean phillips,delusions"
2024_06_29,33,"president,leaders,presidents,job president,world leaders,presidency,president good,communicator,competent,want president"
2024_06_29,34,"immigrants,immigrant,illegals,immigration,criminals,illegally,illegal immigrant,migrants,illegal immigrants,immigrants coming"
2024_06_29,35,"cold,cold medicine,cough,getting cold,coughing,got cold,nose,hoarse,sounds like,sounded"
2024_06_29,36,"moderators,moderator,questions,candidates,lies,fact check,moderators moderators,debate,debate candidates,spewed"
2024_06_29,37,"pete,buttigieg,gay,mayor,mayor pete,indiana,bernie,bernie supporters,gay man,voted"
2024_06_29,38,"months,months plenty,sounds like,months time,plenty time,survive,clean,shit stain,drunk,years months"
2024_06_29,39,"replace,time replace,drop,step,drop needs,dropout,replacing,replacement,pulls,time try"
2024_06_29,40,"inflation,border,lower inflation,tariffs,economy,money,border patrol,trump,covid response,worse"
2024_06_29,41,"latino,latino voters,hispanic,undecided,voters,voters said,hispanics,undecided voters,univision,spanish"
2024_06_29,42,"stutter,stutterer,stuttering,words,train thought,people stutter,lifelong stutter,man stutter,lied,stutters"
2024_06_29,43,"watch,million,watched,million people,watching,people watching,people watched,stopped watching,night millions,47 million"
2024_06_29,44,"dnc,left wing,democratic candidate,failing,expect dnc,wing party,points dnc,vote ll,blame dnc,trump failing"
2024_06_29,45,"riots,insurrection,protests,riot,protest,protesters,protesting,january 6th,insurrectionists,pence"
2024_06_29,46,"vote blue,blue vote,voter,voting blue,voting,early voting,voters,votes,vote person,na vote"
2024_06_29,47,"bots,bot,trolls,happened,like half,debates happened,robots,suspicious,spike,today night"
2024_06_29,48,"draft,women,male,war,men,military,israel,babies,kids,assume"
2024_06_29,49,"nixon,jfk,kennedy,tv,televised,debate,televised debate,debates,1960,lost debate"
2024_06_29,50,"kelly,chief staff,john kelly,military,john,confirmed,retired,losers,loser,trump"
2024_06_29,51,"romney,debate romney,obama debate,debate,obama bad,debate obama,bad debate,shit debate,lost debate,debate night"
2024_06_29,52,"project 2025,project,2025,fed,plan,fred,requested,discussed,america,soon"
2024_06_29,53,"stutter,stuttering,dementia,old stutter,stroke,biden stutter,biden sounded,paul ryan,stutters,like dementia"
2024_06_29,54,"echo chamber,politics,downvoted,mods,left wing,political,bot,georgia,liberal,left like"
2024_06_29,55,"fact,fact checking,fact check,real time,live fact,like fact,check real,time fact,fact checked,talking fact"
2024_06_29,56,"feinstein,legacy,ginsberg,retiring,ginsburg,retired,old people,retire,nominee like,asked step"
2024_06_29,57,"vaccine,vaccines,tested,test,fda,tests,testing,vaxxer,anti vaxxer,kennedy"
2024_06_29,58,"cold,sick,having cold,debate,speech,like cold,televised debate,cough,stutter,debate like"
2024_06_29,59,"abortion,abortions,woman doctor,birth abortions,biden,rape,told biden,abortion question,mothers,talk"
2024_06_29,60,"sundowning,sun,sun downing,evening,dementia,alzheimer,cognitive decline,cognitive impairments,pm day,retirement age"
2024_06_29,61,"state voters,swing state,swing voters,voters,voters vote,vote,voters swing,decide election,going vote,voters got"
2024_06_29,62,"worm,brain,brain worms,worms,brain worm,time insane,doubt mind,blows mind,mind,brain damage"
2024_06_29,63,"odds,betting,gambling,coin flip,bets,gamble,chance,chance winning,trump odds,people losing"
2024_06_29,64,"delegates,nominee,open convention,nomination,presumptive nominee,primaries,voters convention,delegates vote,biden,nominating"
2024_06_29,65,"grasp issues,night trump,trump,grasp,night,poorly,said lot,trump kind,landslide trump,night ll"
2024_06_29,66,"poll,polls,post debate,debate,respondents,debate biden,showed biden,choose biden,polling,biden"
2024_06_29,67,"transcripts,transcript,read transcript,reading transcripts,read,actual substance,candidate winning,slander,winning strategy,impressions"
2024_06_29,68,"raleigh,rally,nc,watch rally,north carolina,trump hell,rally day,rally night,rally today,rally raleigh"
2024_06_29,69,"voters,undecided,undecided voters,vote biden,swing voters,decided vote,voters swing,voting,voting biden,voted biden"
2024_06_29,70,"teleprompter,biden teleprompter,teleprompters,point making,uses teleprompter,biden,time biden,debate biden,making point,speech people"
2024_06_29,71,"genocide,funding genocide,funding,objectively,paying,assassination,attack ads,supporting genocide,listed,biden currently"
2024_06_29,72,"cold,biden cold,exactly biden,biden,cold biden,reddit biden,today biden,lol biden,coherent biden,fat ass"
2024_06_29,73,"deleted,overconfident,rude,ad,birds,aback,shy,squeeze,gullible,deer"
2024_06_29,74,"vote,shit trump,trump vote,republican,trump,sandwich vote,trump pick,dog shit,vote literal,let honest"
2024_06_29,75,"thomas,alito,corruption,wrongly,thomas alito,alito thomas,ruling,religious freedom,leaked,john oliver"
2024_06_29,76,"religion,freedom,religious,commandments,freedoms,destroy america,military action,christianity,quran,religious freedom"
